Rank,Hack ID,Growth Hack,Description,Impact,Confidence,Ease,ICE Score,Tier
1,GH-01,GEO Gap Outreach,"Query Surfaced for prospect's category, screenshot where competitors appear and they don't, DM on LinkedIn. Personalized proof of the problem.",9,8,8,8.3,T1
2,GH-05,Free GEO Audit Outreach,"We'll show you what ChatGPT says about your brand — zero-friction entry. Batch 20 audits/week, send as cold Loom + PDF.",9,8,7,8.0,T1
3,GH-07,LinkedIn Founder Posts,"2x/week with real data from Surfaced (e.g., We queried 500 SaaS brands — only 12% appear in ChatGPT). Data-led, founder voice, always end with soft CTA to free tier.",8,8,8,8.0,T1
4,GH-13,Agency White-Label Tear Sheet,"Build a one-page branded PDF template agencies can slap their logo on and hand to clients showing Your GEO Status. Turns every agency user into a distribution channel.",9,7,7,7.7,T1
5,GH-02,Reddit Value Replies,"Monitor r/SEO, r/bigseo, r/SEO_and_AI, r/artificial. Answer with genuine insight, link free tier only when relevant. Set a daily 20-min timebox.",7,8,9,8.0,T1
6,GH-14,"GEO Score" Public Badge,"Generate an embeddable GEO Score: 62/100 badge site owners can put on their site or agency pitch decks. Every badge links back to Surfaced. Viral loop baked in.",9,6,7,7.3,T1
7,GH-06,Competitor Comparison Pages,"Write Surfaced vs Otterly, Surfaced vs Peec, Surfaced vs Semrush for GEO. Optimize for [competitor] alternative. Bottom-funnel search intent.",8,8,7,7.7,T1
8,GH-15,Steal Competitor Reviews,"Find every G2/Capterra/TrustPilot review of Otterly, Peec, etc. that mentions a limitation Surfaced solves (no content generation, no gap analysis). Reply or DM reviewer.",8,7,7,7.3,T2
9,GH-04,GEO Community Slack Seeding,"Join genengineoptimizers.com Slack, GEO-focused Discord servers, and Superpath. Contribute weekly. Share data as I ran this analysis not our tool does this.",7,7,8,7.3,T1
10,GH-03,Cold Email to GEO/AI Hiring Companies,"Scrape LinkedIn/Indeed for companies with GEO, AI search, or LLM optimization in job postings. Email hiring manager with free audit attached.",8,6,6,6.7,T2
11,GH-10,Affiliate/Referral — SEO Consultants,Free Pro account for freelancers who refer paying clients. Track via unique referral link. Target ICP segment 3 directly.,8,6,6,6.7,T2
12,GH-16,Guest on SEO/Marketing Podcasts,"Pitch 10 mid-tier SEO podcasts with the angle: We analyzed 1,000 brands in AI search — here's what we found. Provide the data, get the airtime.",8,6,6,6.7,T2
13,GH-09,BrightonSEO Outreach,"Conference April 29. Pre-event: DM speakers/attendees with free GEO audit. Post-event: follow up with results. Time-bound, high-intent audience.",7,7,6,6.7,T2
14,GH-17,"State of GEO" Report,"Run Surfaced across 500 brands in 5 verticals. Publish data report. Gate behind email. Pitch to Search Engine Journal, Search Engine Land for coverage.",9,6,4,6.3,T2
15,GH-18,Zapier/Make Integration for Alerts,"Alert me when my GEO score drops or Weekly GEO digest to Slack. Reduces churn, gets listed in Zapier marketplace (free discovery channel).",8,5,5,6.0,T3
16,GH-08,Product Hunt + Directory Listings,"Launch on PH with first GEO platform that fixes visibility, not just tracks it angle. Submit to every AI tool and GEO roundup directory.",7,5,6,6.0,T2
17,GH-19,Free Tier Onboarding Drip,"7-email sequence post-signup: Day 1 = first scan, Day 3 = gap analysis walkthrough, Day 5 = Pro feature preview, Day 7 = case study + upgrade CTA. Tied to account data.",8,7,4,6.3,T3
18,GH-11,Product Demo Videos,"3 walkthroughs: (a) Audit your GEO in 2 min, (b) Agencies: manage 10 clients, (c) Gap analysis to published content. YouTube, LinkedIn, docs.",7,6,5,6.0,T2
19,GH-12,GEO/SEO Academy,"/learn section: What is GEO, GEO vs SEO, How to appear in ChatGPT. Target informational queries. Each article ends with free audit CTA.",8,6,4,6.0,T3
20,GH-20,Co-Marketing with Non-Competing SEO Tools,"Partner with Surfer SEO, Clearscope, Frase for joint webinars: SEO + GEO: The 2026 Stack. They get content, you get their audience.",7,4,4,5.0,T3
